Название,Рейтинг,Описание,Сфера деятельности,Дата публрикации
ВТБ,133.53,"Банк ВТБ — международная финансовая группа, предоставляющая широкий спектр финансово-банковских услуг. 
В России ВТБ предоставляет весь спектр банковских услуг через разветвленную региональную сеть. Дочерние организации Группы предоставляют услуги по лизингу, факторингу и другие финансовые сервисы и продукты.
Основным акционером ВТБ является Правительство РФ, которому принадлежит 60,9% голосующих акций.
С более подробной информацией можно ознакомиться на сайте: www.vtb.ru","Веб-разработка
            
              Программное обеспечение
            
              Электронная коммерция",Спонсор сезона machine learning ▇▅▄▅▅▄ ▇▄▅
