Название,Рейтинг,Описание,Сфера деятельности,Дата публрикации
VK,4.68,"Строим сервисы, используя силу социальных сетей. 
Помогаем людям и компаниям объединяться вокруг того, что действительно важно.","Мобильные технологии
            
              Веб-сервисы
            
              Игры и развлечения",vk.com
